{

        "Lola": {
            "Model_name": "Lola",
            "first_time_loged_in": 1742566230.20693,
            "last_time_loged_in": 1742566230.20693,
            "Time_online": 600
        },
        "LeilaLo": {
            "Model_name": "LeilaLo",
            "first_time_loged_in": 1742566027.767834,
            "last_time_loged_in": 1742566027.767834,
            "Time_online": 900
        },
        "Ximena": {
            "Model_name": "Ximena",
            "first_time_loged_in": 1742566627.85573,
            "last_time_loged_in": 1742566627.85573,
            "Time_online": 0
        },
        "Soraya22": {
            "Model_name": "Soraya22",
            "first_time_loged_in": 1742566867.881508,
            "last_time_loged_in": 1742566867.881508,
            "Time_online": 0
        },
        "Luly23": {
            "Model_name": "Luly23",
            "first_time_loged_in": 1742566867.887513,
            "last_time_loged_in": 1742566867.887513,
            "Time_online": 300
        },
        "Jury0318": {
            "Model_name": "Jury0318",
            "first_time_loged_in": 1742566867.890504,
            "last_time_loged_in": 1742566867.890504,
            "Time_online": 300
        },
        "Alraune": {
            "Model_name": "Alraune",
            "first_time_loged_in": 1742566867.894493,
            "last_time_loged_in": 1742566867.894493,
            "Time_online": 300
        },
        "LUZCIFER": {
            "Model_name": "LUZCIFER",
            "first_time_loged_in": 1742566867.895491,
            "last_time_loged_in": 1742566867.895491,
            "Time_online": 300
        },
        "AMAIA": {
            "Model_name": "AMAIA",
            "first_time_loged_in": 1742566867.897485,
            "last_time_loged_in": 1742566867.897485,
            "Time_online": 300
        },
        "Pamela": {
            "Model_name": "Pamela",
            "first_time_loged_in": 1742566941.75725,
            "last_time_loged_in": 1742566941.75725,
            "Time_online": 0
        }
        
    }
